Task,Priority,Complexity,Dependencies,Description
Setup Tauri v2 Project,High,Medium,None,"Initialize Tauri v2 project structure with cargo workspace. configsure tauri.conf.json for desktop app. Setup build pipeline and development workflow."
Install Dioxus Framework,High,Low,Setup Tauri v2 Project,"Add Dioxus to project dependencies. configsure Dioxus for Tauri integration. Setup hot-reload for development."
Port Event System to Rust,High,High,Install Dioxus Framework,"Implement EventStream with tokio::sync::broadcast. Port all event types to Rust enums with serde. Create event factory and subscription system."
Implement Event Store (sqlx),High,Medium,Port Event System to Rust,"Setup sqlx with PostgreSQL. Migrate Prisma schema to sqlx migrations. Implement save/load/list/delete operations for event logs."
Create AIProvider Trait,High,Medium,Port Event System to Rust,"Define async_trait for AIProvider. Create trait methods: stream_chat generate_widget analyze_code. Setup provider factory pattern."
Implement Mock Provider (Rust),Medium,Low,Create AIProvider Trait,"Port MockAIProvider to Rust. Simulate token streaming with tokio::time::sleep. Generate mock widgets and code analysis."
Integrate ruvllm,High,High,Create AIProvider Trait,"Add ruvllm dependencies. Implement RuvllmProvider with VllmEngine. Setup async streaming with VLLM. configsure model loading and inference."
Integrate Rig Framework,Medium,High,Create AIProvider Trait,"Add rig-core dependencies. Implement RigProvider using rig::providers. Setup completion streaming. configsure multiple model backends."
Integrate candle-vllm,High,High,Create AIProvider Trait,"Add candle-core and candle-vllm dependencies. Implement CandleProvider with local model loading. Setup pure Rust inference pipeline. Optimize for CPU/GPU."
Port TextBlock Widget,Medium,Medium,Install Dioxus Framework,"Convert TextBlock React component to Dioxus. Implement markdown rendering with pulldown-cmark. Style with Tailwind or inline styles."
Port CodeBlock Widget,Medium,Medium,Port TextBlock Widget,"Convert CodeBlock to Dioxus. Implement syntax highlighting with syntect. Add copy-to-clipboard functionality with clipboard crate."
Port StatusIndicator Widget,Low,Low,Port TextBlock Widget,"Convert StatusIndicator to Dioxus. Implement status icons and colors. Add animation support with CSS or Dioxus animations."
Port SimpleChart Widget,Medium,High,Port TextBlock Widget,"Convert SimpleChart to Dioxus. Evaluate charting options: plotters egui charming. Implement bar and line chart types with interactive features."
Implement Widget Registry (Dioxus),High,Medium,Port TextBlock Widget,"Port WidgetRegistry to Dioxus. Use HashMap for widget storage. Implement dynamic widget rendering with match statements. Handle mount/update/unmount lifecycle."
Port Chat Interface,High,High,Implement Widget Registry (Dioxus),"Convert ChatInterface to Dioxus. Implement MessageList with event subscriptions. Create MessageInput with form handling. Setup streaming message display."
Port Event Simulator,Low,Medium,Implement Widget Registry (Dioxus),"Convert EventSimulator to Dioxus. Add button handlers for event emission. Test all event types in new UI."
Port Event Replay UI,Medium,Medium,Implement Event Store (sqlx),"Convert EventReplay to Dioxus. Implement replay controls (play pause speed). Add progress visualization. Integrate with event store."
Setup Tauri IPC Bridge,High,High,Port Event System to Rust,"Create Tauri commands for event operations. Setup bidirectional event streaming (Rust ↔ Frontend). Implement error handling and type safety across boundary."
Implement Event Streaming Command,High,High,Setup Tauri IPC Bridge,"Create stream_chat Tauri command. Emit token events to frontend. Handle cancellation and errors. Ensure low-latency streaming."
Implement Widget Commands,Medium,Medium,Setup Tauri IPC Bridge,"Create mount_widget update_widget unmount_widget commands. Validate widget configss on Rust side. Emit widget lifecycle events."
Setup configsuration System,Medium,Medium,Port Event System to Rust,"Implement TOML configs parser for compile-time configs. Add JSON runtime configs support. Setup environment variable override. Create configs merge strategy."
Implement configs Validation,Low,Low,Setup configsuration System,"Add configs schema validation with serde. Validate provider configss. Implement configs reload without restart."
Optimize Event Stream Memory,Medium,High,Port Event System to Rust,"Implement event log rotation with configsurable max size. Add event archival to database. Implement event compression with flate2."
Implement Event Snapshots,Low,High,Port Event System to Rust,"Create snapshot mechanism for fast state restoration. Serialize current app state periodically. Implement replay-from-snapshot functionality."
Add JSON-Patch Support,Low,High,Port Event System to Rust,"Integrate json-patch crate. Implement StateUpdate enum (Full Patch). Optimize state updates for large payloads."
Setup Model Caching,Medium,High,Integrate candle-vllm,"Implement model file caching on disk. Add model version management. Setup automatic model downloads. Optimize model loading performance."
Implement Provider Switching,Medium,Medium,Create AIProvider Trait,"Add runtime provider switching UI. Implement provider registry and factory. Support multiple providers simultaneously. Add provider configsuration UI."
Setup Logging System,Medium,Low,Port Event System to Rust,"Integrate tracing for structured logging. Setup log levels and filtering. Implement log file rotation. Add performance tracing."
Add Error Handling,High,Medium,Port Event System to Rust,"Create comprehensive error types with thiserror. Implement error propagation with anyhow. Add user-friendly error messages. Setup error reporting UI."
Implement Testing Suite,High,High,Port Event System to Rust,"Create unit tests for event system. Add integration tests for providers. Implement UI tests with Dioxus testing utils. Setup CI pipeline."
Optimize Startup Time,Low,Medium,Integrate candle-vllm,"Lazy-load heavy dependencies. Optimize model loading. Implement splash screen. Add progress indicators."
Add Plugin System,Low,High,Create AIProvider Trait,"Design plugin trait for extensibility. Implement dynamic plugin loading. Add plugin discovery mechanism. Create plugin API documentation."
Implement Event Filtering UI,Low,Low,Port Event Replay UI,"Add event type filters to replay UI. Implement search functionality. Add time-range filtering. Create event inspector."
Setup Desktop Notifications,Low,Low,Setup Tauri v2 Project,"Integrate Tauri notification API. Add notification preferences. Implement notification for important events."
Add Keyboard Shortcuts,Low,Low,Setup Tauri v2 Project,"Implement global keyboard shortcuts. Add shortcut customization UI. Create keyboard shortcut help overlay."
Optimize Database Queries,Medium,Medium,Implement Event Store (sqlx),"Add query result caching. Implement connection pooling. Optimize indexes. Add query profiling."
Implement Multi-Window Support,Low,Medium,Setup Tauri v2 Project,"Add support for multiple app windows. Implement window state synchronization. Add window management UI."
Setup Auto-Update,Medium,High,Setup Tauri v2 Project,"Integrate Tauri updater. Implement update check on startup. Add update UI with release notes. Setup update distribution."
Add Export/Import Features,Low,Low,Implement Event Store (sqlx),"Export event logs to various formats (JSON CSV). Import event logs from file. Add batch export functionality."
Implement Dark/Light Theme Toggle,Low,Low,Install Dioxus Framework,"Add theme switching in Dioxus. Persist theme preference. Support system theme detection."
Create User Documentation,Medium,Low,None,"Write user guide for desktop app. Create video tutorials. Document keyboard shortcuts. Add inline help system."
Setup Performance Monitoring,Low,Medium,Setup Logging System,"Implement performance metrics collection. Add metrics dashboard. Track event processing latency. Monitor memory usage."
Implement Rate Limiting,Low,Low,Create AIProvider Trait,"Add rate limiting for API providers. Implement exponential backoff. Add rate limit UI indicators."
Add Model Selection UI,Medium,Medium,Implement Provider Switching,"Create model selection dropdown. Display model capabilities. Add model download progress. Show model status."
Setup Crash Reporting,Medium,Medium,Setup Logging System,"Integrate crash reporting (sentry or custom). Capture stack traces. Add crash recovery. Implement opt-in crash reporting."
Implement Data Encryption,Low,High,Implement Event Store (sqlx),"Encrypt sensitive event data at rest. Implement key management. Add encryption preferences. Ensure GDPR compliance."
Add Metrics Visualization,Low,Medium,Port SimpleChart Widget,"Create system metrics dashboard. Show token usage statistics. Display event counts over time. Add performance graphs."
Implement Collaborative Features,Low,High,Setup Tauri IPC Bridge,"Add event stream sharing between users. Implement real-time collaboration. Setup WebRTC or WebSocket. Add presence indicators."
Create Release Pipeline,High,High,Setup Auto-Update,"Setup GitHub Actions for releases. Automate code signing. Build for multiple platforms (Windows macOS Linux). Publish to distribution channels."
Perform Security Audit,High,Medium,Implement Data Encryption,"Review code for security vulnerabilities. Test input validation. Check for SQL injection. Audit dependency vulnerabilities."
Optimize Binary Size,Low,Medium,Create Release Pipeline,"Remove unused dependencies. Enable link-time optimization. Strip debug symbols. Compress assets."
Add Telemetry (Optional),Low,Low,Setup Performance Monitoring,"Implement opt-in anonymous telemetry. Track feature usage. Monitor error rates. Respect user privacy."
Write Developer Documentation,Medium,Medium,None,"Document Rust architecture. Create contribution guidelines. Add API documentation. Write plugin development guide."
Setup Benchmarking Suite,Low,Medium,Implement Testing Suite,"Create performance benchmarks for event system. Benchmark provider inference speed. Track regression. Add CI benchmark runs."
Implement Accessibility Features,Low,Medium,Install Dioxus Framework,"Add screen reader support. Implement keyboard navigation. Ensure color contrast. Add ARIA labels."
Create Marketing Website,Low,Low,None,"Build landing page. Create feature showcase. Add download links. Write blog posts."
Plan Phase 3 Enhancements,Low,Low,Create Release Pipeline,"Gather user feedback. Plan new features. Prioritize backlog. Update roadmap."
